post_id,subreddit,query,author,title,selftext,created_utc,score,num_comments,permalink,url,html_title,has_profanity,bad_words,violence_risk_score,violence_type,violence_explanation,moderation_flagged,moderation_categories,is_news_like
1pci0kp,politics,kill OR murder OR shooting OR stabbed OR bomb attack OR violent attack,AndroidOne1,Hegseth cites ‘fog of war’ in defending follow-on strike in scrutinized attack on alleged drug boat,,1764703927.0,261,193,https://www.reddit.com/r/politics/comments/1pci0kp/hegseth_cites_fog_of_war_in_defending_followon/,https://apnews.com/article/hegseth-trump-venezuela-540ae279827e02105e089f1bd5af37a6,,True,attack,0.08,descriptive,"violence_type=descriptive; violence type: descriptive; example windows: strike in scrutinized attack on alleged drug; violent_hits=1; hate_hits_strong=0; hate_hits_generic=0; violent words appear in descriptive context, not as a call to action.",False,,False
1pc92fb,politics,kill OR murder OR shooting OR stabbed OR bomb attack OR violent attack,Tennis_bruh,"White House says admiral ordered follow-up strike on alleged drug boat, insists attack was lawful",,1764683766.0,34,42,https://www.reddit.com/r/politics/comments/1pc92fb/white_house_says_admiral_ordered_followup_strike/,https://apnews.com/article/trump-venezuela-hegseth-maduro-512c66b99b2a13e9d1a3ed2699e78228,,True,attack,0.08,descriptive,"violence_type=descriptive; violence type: descriptive; example windows: drug boat insists attack was lawful; violent_hits=1; hate_hits_strong=0; hate_hits_generic=0; violent words appear in descriptive context, not as a call to action.",False,,False
1pc8a0m,politics,kill OR murder OR shooting OR stabbed OR bomb attack OR violent attack,starlight_collector,"Hegseth Ordered a Lethal Attack but Not the Killing of Survivors, Officials Say",,1764681689.0,15,50,https://www.reddit.com/r/politics/comments/1pc8a0m/hegseth_ordered_a_lethal_attack_but_not_the/,https://www.nytimes.com/2025/12/01/us/hegseth-drug-boat-strike-order-venezuela.html,,True,attack,0.08,descriptive,"violence_type=descriptive; violence type: descriptive; example windows: ordered a lethal attack but not the; violent_hits=1; hate_hits_strong=0; hate_hits_generic=0; violent words appear in descriptive context, not as a call to action.",False,,False
1pc3f0e,politics,kill OR murder OR shooting OR stabbed OR bomb attack OR violent attack,Content-Word-7673,ICE Barbie Unleashes Travel Ban Attack After Trump Meeting,,1764664747.0,13,15,https://www.reddit.com/r/politics/comments/1pc3f0e/ice_barbie_unleashes_travel_ban_attack_after/,https://www.thedailybeast.com/ice-barbie-unleashes-travel-ban-attack-after-trump-meeting/,,True,attack,0.08,descriptive,"violence_type=descriptive; violence type: descriptive; example windows: unleashes travel ban attack after trump meeting; violent_hits=1; hate_hits_strong=0; hate_hits_generic=0; violent words appear in descriptive context, not as a call to action.",False,,False
1p2he08,politics,they are animals OR vermin OR subhuman OR cockroaches OR parasites,southpawFA,"Legislative hate is not speech. It is complicity in murder. When lawmakers spread falsehoods about trans people, they are not participating in legitimate debate. They are weaponizing public office.",,1763678013.0,183,11,https://www.reddit.com/r/politics/comments/1p2he08/legislative_hate_is_not_speech_it_is_complicity/,https://www.lgbtqnation.com/2025/11/legislative-hate-is-not-speech-it-is-complicity-in/,,True,murder,0.1,descriptive,"violence_type=descriptive; violence type: descriptive; example windows: is complicity in murder when lawmakers spread; violent_hits=1; hate_hits_strong=0; hate_hits_generic=1; violent words appear in descriptive context, not as a call to action.",False,,False
1pbjdny,worldnews,kill OR murder OR shooting OR stabbed OR bomb attack OR violent attack,CTVNEWS,"Canadian activist injured in settler attack in the West Bank, Ottawa confirms",,1764611096.0,11,19,https://www.reddit.com/r/worldnews/comments/1pbjdny/canadian_activist_injured_in_settler_attack_in/,https://www.ctvnews.ca/canada/article/canadian-activist-injured-in-settler-attack-in-the-west-bank/,,True,attack,0.0,none,"violence_type=descriptive; violence type: descriptive; example windows: injured in settler attack in the west; violent_hits=1; hate_hits_strong=0; hate_hits_generic=0; violent words appear in descriptive context, not as a call to action.; classified as news report (describing an external event, not advocating violence).",False,,True
1paqcef,worldnews,kill OR murder OR shooting OR stabbed OR bomb attack OR violent attack,DoremusJessup,Oil terminal in Russia's Novorossiysk halts operations after sea drone attack,,1764529257.0,1507,8,https://www.reddit.com/r/worldnews/comments/1paqcef/oil_terminal_in_russias_novorossiysk_halts/,https://www.pravda.com.ua/eng/news/2025/11/29/8009546/,,True,attack,0.0,none,"violence_type=descriptive; violence type: descriptive; example windows: after sea drone attack; violent_hits=1; hate_hits_strong=0; hate_hits_generic=0; violent words appear in descriptive context, not as a call to action.; classified as news report (describing an external event, not advocating violence).",False,,True
1pa31c2,news,kill OR murder OR shooting OR stabbed OR bomb attack OR violent attack,AudibleNod,"France’s far-right leader hit by egg, days after flour attack",,1764458877.0,17914,775,https://www.reddit.com/r/news/comments/1pa31c2/frances_farright_leader_hit_by_egg_days_after/,https://www.ctvnews.ca/world/article/frances-far-right-leader-hit-by-egg-days-after-flour-attack/,,True,attack,0.0,none,"violence_type=descriptive; violence type: descriptive; example windows: days after flour attack; violent_hits=1; hate_hits_strong=0; hate_hits_generic=0; violent words appear in descriptive context, not as a call to action.; classified as news report (describing an external event, not advocating violence).",False,,True
1p3tn4n,news,kill OR murder OR shooting OR stabbed OR bomb attack OR violent attack,hard2resist,India arrests Kashmir resident in connection with deadly Red Fort bomb attack,,1763819237.0,155,1,https://www.reddit.com/r/news/comments/1p3tn4n/india_arrests_kashmir_resident_in_connection_with/,https://edition.cnn.com/2025/11/16/india/india-arrest-delhi-bomb-kashmir-latam-intl,,True,"attack, bomb",0.0,none,"violence_type=descriptive; violence type: descriptive; example windows: deadly red fort bomb attack | red fort bomb attack; violent_hits=2; hate_hits_strong=0; hate_hits_generic=0; violent words appear in descriptive context, not as a call to action.; classified as news report (describing an external event, not advocating violence).",False,,True
1p3oe1r,news,kill OR murder OR shooting OR stabbed OR bomb attack OR violent attack,igetproteinfartsHELP,Number of children abducted in Nigerian school attack raised to more than 300,,1763801005.0,944,23,https://www.reddit.com/r/news/comments/1p3oe1r/number_of_children_abducted_in_nigerian_school/,https://apnews.com/article/nigeria-school-abductions-dc3eaa3f1b9d910211e4a2af959ee7a9?utm_source=onesignal&amp;utm_medium=push&amp;utm_campaign=2025-11-22-Breaking+News,,True,attack,0.0,none,"violence_type=descriptive; violence type: descriptive; example windows: in nigerian school attack raised to more; violent_hits=1; hate_hits_strong=0; hate_hits_generic=0; violent words appear in descriptive context, not as a call to action.; classified as news report (describing an external event, not advocating violence).",False,,True
1pbgm44,PublicFreakout,kill OR murder OR shooting OR stabbed OR bomb attack OR violent attack,kvrvm4,Drunk women attack a taxi driver and gets knocked out,,1764605010.0,435,62,https://www.reddit.com/r/PublicFreakout/comments/1pbgm44/drunk_women_attack_a_taxi_driver_and_gets_knocked/,https://v.redd.it/7fj2zjxn8m4g1,,True,attack,0.08,descriptive,"violence_type=descriptive; violence type: descriptive; example windows: drunk women attack a taxi driver; violent_hits=1; hate_hits_strong=0; hate_hits_generic=0; violent words appear in descriptive context, not as a call to action.",False,,False
1pacpcp,PublicFreakout,kill OR murder OR shooting OR stabbed OR bomb attack OR violent attack,Armedblight,"A Japanese anime singer, Maki Otsuki, was abruptly escorted off the stage due to a sudden ban of Japanese artists performing in China.","Japanese singer Maki Otsuki was suddenly escorted offstage during her performance of a One Piece ending theme at Bandai Namco Fest 2025 in Shanghai. The incident occurred after the Chinese government abruptly announced a ban on Japanese artists performing in Chinaan announcement made while she was still singing.

This ban has led to the cancellation of numerous concerts by Japanese performers. The tension stems from China’s anger over comments made by the Japanese Prime Minister, who stated that a Chinese attack on Taiwan could prompt Japanese military involvement.

Adding further fuel to the situation, after Japanese media reported the story, a representative of the Chinese Embassy posted on X, declaring, “I’ll cut off the arrogant Japanese Prime Minister’s head.” The post quickly drew attention in Japan.

Afterward, the Chinese government reacted with outrage and demanded that the Japanese Prime Minister issue an apology even as the Chinese Embassy quietly acted as though the representative who made the threat had never existed.",1764489225.0,9814,605,https://www.reddit.com/r/PublicFreakout/comments/1pacpcp/a_japanese_anime_singer_maki_otsuki_was_abruptly/,https://v.redd.it/5yre099doc4g1,,True,attack,0.08,descriptive,"violence_type=descriptive; violence type: descriptive; example windows: that a chinese attack on taiwan could; violent_hits=1; hate_hits_strong=0; hate_hits_generic=0; violent words appear in descriptive context, not as a call to action.",False,,False
1p9pd1q,PublicFreakout,kill OR murder OR shooting OR stabbed OR bomb attack OR violent attack,blingteresting,"VIOLENCE WARNING: Radical vigilantes chase and attack a Baul folk singer for allegedly hurting religious sentiment in Dhaka, Bangladesh after Jummah prayers on Friday, Nov 28",,1764424036.0,100,36,https://www.reddit.com/r/PublicFreakout/comments/1p9pd1q/violence_warning_radical_vigilantes_chase_and/,https://v.redd.it/4srz7jdaa74g1,,True,attack,0.08,descriptive,"violence_type=descriptive; violence type: descriptive; example windows: vigilantes chase and attack a baul folk; violent_hits=1; hate_hits_strong=0; hate_hits_generic=0; violent words appear in descriptive context, not as a call to action.",False,,False
